"from","to","id","col","score","result","compare"
"Yes","Yes","0","emergency service","0.9774913787841797","True","True"
"Yes","Yes","1","emergency service","0.9774913787841797","True","True"
"Yes","Yes","2","emergency service","0.9774913787841797","True","True"
"Yes","Yes","3","emergency service","0.9774913787841797","True","True"
"Yes","Yes","4","emergency service","0.9774913787841797","True","True"
"Yes","Yes","5","emergency service","0.9774913787841797","True","True"
"Yes","Yes","6","emergency service","0.9774913787841797","True","True"
"Yes","Yes","7","emergency service","0.9774913787841797","True","True"
"Yes","Yes","8","emergency service","0.9774913787841797","True","True"
"Yes","Yes","9","emergency service","0.9774913787841797","True","True"
"Yes","Yes","10","emergency service","0.9774913787841797","True","True"
"Yes","Yes","11","emergency service","0.9774913787841797","True","True"
"Yes","Yes","12","emergency service","0.9774913787841797","True","True"
"Yes","Yes","13","emergency service","0.9774913787841797","True","True"
"Yes","Yes","14","emergency service","0.9774913787841797","True","True"
"Yes","Yes","15","emergency service","0.9774913787841797","True","True"
"Yes","Yes","16","emergency service","0.9774913787841797","True","True"
"Yes","Yes","17","emergency service","0.9774913787841797","True","True"
"Yes","Yes","18","emergency service","0.9774913787841797","True","True"
"Yes","Yes","19","emergency service","0.9774913787841797","True","True"
"Yes","Yes","20","emergency service","0.9774913787841797","True","True"
"Yes","Yes","21","emergency service","0.9774913787841797","True","True"
"Yes","Yes","22","emergency service","0.9774913787841797","True","True"
"Yes","Yes","23","emergency service","0.9774913787841797","True","True"
"Yxs","Yes","24","emergency service","0.02231214940547943","False","False"
"Yes","Yes","25","emergency service","0.9774913787841797","True","True"
"Yes","Yes","26","emergency service","0.9774913787841797","True","True"
"Yes","Yes","27","emergency service","0.9774913787841797","True","True"
"Yes","Yes","28","emergency service","0.9774913787841797","True","True"
"Yes","Yes","29","emergency service","0.9774913787841797","True","True"
"Yes","Yes","30","emergency service","0.9774913787841797","True","True"
"Yes","Yes","31","emergency service","0.9774913787841797","True","True"
"Yes","Yes","32","emergency service","0.9774913787841797","True","True"
"Yes","Yes","33","emergency service","0.9774913787841797","True","True"
"Yes","Yes","34","emergency service","0.9774913787841797","True","True"
"Yes","Yes","35","emergency service","0.9774913787841797","True","True"
"Yes","Yes","36","emergency service","0.9774913787841797","True","True"
"Yes","Yes","37","emergency service","0.9774913787841797","True","True"
"Yes","Yes","38","emergency service","0.9774913787841797","True","True"
"Yes","Yes","39","emergency service","0.9774913787841797","True","True"
"Yes","Yes","40","emergency service","0.9774913787841797","True","True"
"Yes","Yes","41","emergency service","0.9774913787841797","True","True"
"Yes","Yes","42","emergency service","0.9774913787841797","True","True"
"Yex","Yes","43","emergency service","0.10569041222333908","False","False"
"Yes","Yes","44","emergency service","0.9774913787841797","True","True"
"Yes","Yes","45","emergency service","0.9774913787841797","True","True"
"Yes","Yes","46","emergency service","0.9774913787841797","True","True"
"Yes","Yes","47","emergency service","0.9774913787841797","True","True"
"Yes","Yes","48","emergency service","0.9774913787841797","True","True"
"Yes","Yes","49","emergency service","0.9774913787841797","True","True"
"Yes","Yes","50","emergency service","0.9774913787841797","True","True"
"Yxs","Yes","51","emergency service","0.02231214940547943","False","False"
"Yes","Yes","52","emergency service","0.9774913787841797","True","True"
"Yes","Yes","53","emergency service","0.9774913787841797","True","True"
"Yes","Yes","54","emergency service","0.9774913787841797","True","True"
"Yes","Yes","55","emergency service","0.9774913787841797","True","True"
"Yes","Yes","56","emergency service","0.9774913787841797","True","True"
"Yes","Yes","57","emergency service","0.9774913787841797","True","True"
"Yes","Yes","58","emergency service","0.9774913787841797","True","True"
"Yes","Yes","59","emergency service","0.9774913787841797","True","True"
"Yes","Yes","60","emergency service","0.9774913787841797","True","True"
"Yes","Yes","61","emergency service","0.9774913787841797","True","True"
"Yes","Yes","62","emergency service","0.9774913787841797","True","True"
"Yes","Yes","63","emergency service","0.9774913787841797","True","True"
"Yes","Yes","64","emergency service","0.9774913787841797","True","True"
"Yes","Yes","65","emergency service","0.9774913787841797","True","True"
"Yes","Yes","66","emergency service","0.9774913787841797","True","True"
"Yes","Yes","67","emergency service","0.9774913787841797","True","True"
"Yes","Yes","68","emergency service","0.9774913787841797","True","True"
"Yes","Yes","69","emergency service","0.9774913787841797","True","True"
"Yes","Yes","70","emergency service","0.9774913787841797","True","True"
"Yes","Yes","71","emergency service","0.9774913787841797","True","True"
"Yes","Yes","72","emergency service","0.9774913787841797","True","True"
"Yes","Yes","73","emergency service","0.9774913787841797","True","True"
"Yes","Yes","74","emergency service","0.9774913787841797","True","True"
"Yes","Yes","75","emergency service","0.9774913787841797","True","True"
"Yes","Yes","76","emergency service","0.9774913787841797","True","True"
"Yes","Yes","77","emergency service","0.9774913787841797","True","True"
"Yes","Yes","78","emergency service","0.9774913787841797","True","True"
"Yes","Yes","79","emergency service","0.9774913787841797","True","True"
"Yes","Yes","80","emergency service","0.9774913787841797","True","True"
"Yes","Yes","81","emergency service","0.9774913787841797","True","True"
"Yes","Yes","82","emergency service","0.9774913787841797","True","True"
"Yes","Yes","83","emergency service","0.9774913787841797","True","True"
"Yes","Yes","84","emergency service","0.9774913787841797","True","True"
"Yes","Yes","85","emergency service","0.9774913787841797","True","True"
"Yes","Yes","86","emergency service","0.9774913787841797","True","True"
"Yes","Yes","87","emergency service","0.9774913787841797","True","True"
"Yes","Yes","88","emergency service","0.9774913787841797","True","True"
"Yes","Yes","89","emergency service","0.9774913787841797","True","True"
"Yes","Yes","90","emergency service","0.9774913787841797","True","True"
"Yes","Yes","91","emergency service","0.9774913787841797","True","True"
"Yes","Yes","92","emergency service","0.9774913787841797","True","True"
"Yes","Yes","93","emergency service","0.9774913787841797","True","True"
"No","No","94","emergency service","0.9811060428619385","True","True"
"No","No","95","emergency service","0.9811060428619385","True","True"
"No","No","96","emergency service","0.9811060428619385","True","True"
"No","No","97","emergency service","0.9811060428619385","True","True"
"No","No","98","emergency service","0.9811060428619385","True","True"
"No","No","99","emergency service","0.9811060428619385","True","True"
"No","No","100","emergency service","0.9811060428619385","True","True"
"No","No","101","emergency service","0.9811060428619385","True","True"
"No","No","102","emergency service","0.9811060428619385","True","True"
"No","No","103","emergency service","0.9811060428619385","True","True"
"No","No","104","emergency service","0.9811060428619385","True","True"
"No","No","105","emergency service","0.9811060428619385","True","True"
"No","No","106","emergency service","0.9811060428619385","True","True"
"No","No","107","emergency service","0.9811060428619385","True","True"
"No","No","108","emergency service","0.9811060428619385","True","True"
"No","No","109","emergency service","0.9811060428619385","True","True"
"No","No","110","emergency service","0.9811060428619385","True","True"
"No","No","111","emergency service","0.9811060428619385","True","True"
"No","No","112","emergency service","0.9811060428619385","True","True"
"No","No","113","emergency service","0.9811060428619385","True","True"
"No","No","114","emergency service","0.9811060428619385","True","True"
"No","No","115","emergency service","0.9811060428619385","True","True"
"No","No","116","emergency service","0.9811060428619385","True","True"
"No","No","117","emergency service","0.9811060428619385","True","True"
"No","No","118","emergency service","0.9811060428619385","True","True"
"Yes","Yes","119","emergency service","0.9774913787841797","True","True"
"Yes","Yes","120","emergency service","0.9774913787841797","True","True"
"Yes","Yes","121","emergency service","0.9774913787841797","True","True"
"Yes","Yes","122","emergency service","0.9774913787841797","True","True"
"Yes","Yes","123","emergency service","0.9774913787841797","True","True"
"Yes","Yes","124","emergency service","0.9774913787841797","True","True"
"Yes","Yes","125","emergency service","0.9774913787841797","True","True"
"Yes","Yes","126","emergency service","0.9774913787841797","True","True"
"Yes","Yes","127","emergency service","0.9774913787841797","True","True"
"Yes","Yes","128","emergency service","0.9774913787841797","True","True"
"Yes","Yes","129","emergency service","0.9774913787841797","True","True"
"Yes","Yes","130","emergency service","0.9774913787841797","True","True"
"Yes","Yes","131","emergency service","0.9774913787841797","True","True"
"Yes","Yes","132","emergency service","0.9774913787841797","True","True"
"Yes","Yes","133","emergency service","0.9774913787841797","True","True"
"Yes","Yes","134","emergency service","0.9774913787841797","True","True"
"Yes","Yes","135","emergency service","0.9774913787841797","True","True"
"Yes","Yes","136","emergency service","0.9774913787841797","True","True"
"Yes","Yes","137","emergency service","0.9774913787841797","True","True"
"Yes","Yes","138","emergency service","0.9774913787841797","True","True"
"Yes","Yes","139","emergency service","0.9774913787841797","True","True"
"Yes","Yes","140","emergency service","0.9774913787841797","True","True"
"Yes","Yes","141","emergency service","0.9774913787841797","True","True"
"Yes","Yes","142","emergency service","0.9774913787841797","True","True"
"Yes","Yes","143","emergency service","0.9774913787841797","True","True"
"Yes","Yes","144","emergency service","0.9774913787841797","True","True"
"Yes","Yes","145","emergency service","0.9774913787841797","True","True"
"Yes","Yes","146","emergency service","0.9774913787841797","True","True"
"Yes","Yes","147","emergency service","0.9774913787841797","True","True"
"Yes","Yes","148","emergency service","0.9774913787841797","True","True"
"Yes","Yes","149","emergency service","0.9774913787841797","True","True"
"Yes","Yes","150","emergency service","0.9774913787841797","True","True"
"Yes","Yes","151","emergency service","0.9774913787841797","True","True"
"Yes","Yes","152","emergency service","0.9774913787841797","True","True"
"Yes","Yes","153","emergency service","0.9774913787841797","True","True"
"Yes","Yes","154","emergency service","0.9774913787841797","True","True"
"Yes","Yes","155","emergency service","0.9774913787841797","True","True"
"Yes","Yes","156","emergency service","0.9774913787841797","True","True"
"Yxs","Yes","157","emergency service","0.02231214940547943","False","False"
"Yes","Yes","158","emergency service","0.9774913787841797","True","True"
"Yes","Yes","159","emergency service","0.9774913787841797","True","True"
"Yes","Yes","160","emergency service","0.9774913787841797","True","True"
"Yes","Yes","161","emergency service","0.9774913787841797","True","True"
"Yes","Yes","162","emergency service","0.9774913787841797","True","True"
"Yes","Yes","163","emergency service","0.9774913787841797","True","True"
"Yes","Yes","164","emergency service","0.9774913787841797","True","True"
"Yes","Yes","165","emergency service","0.9774913787841797","True","True"
"Yes","Yes","166","emergency service","0.9774913787841797","True","True"
"Yes","Yes","167","emergency service","0.9774913787841797","True","True"
"Yes","Yes","168","emergency service","0.9774913787841797","True","True"
"Yes","Yes","169","emergency service","0.9774913787841797","True","True"
"Yes","Yes","170","emergency service","0.9774913787841797","True","True"
"Yes","Yes","171","emergency service","0.9774913787841797","True","True"
"Yes","Yes","172","emergency service","0.9774913787841797","True","True"
"Yes","Yes","173","emergency service","0.9774913787841797","True","True"
"Yes","Yes","174","emergency service","0.9774913787841797","True","True"
"Yes","Yes","175","emergency service","0.9774913787841797","True","True"
"Yes","Yes","176","emergency service","0.9774913787841797","True","True"
"Yes","Yes","177","emergency service","0.9774913787841797","True","True"
"Yes","Yes","178","emergency service","0.9774913787841797","True","True"
"Yes","Yes","179","emergency service","0.9774913787841797","True","True"
"Yes","Yes","180","emergency service","0.9774913787841797","True","True"
"Yes","Yes","181","emergency service","0.9774913787841797","True","True"
"Yes","Yes","182","emergency service","0.9774913787841797","True","True"
"Yes","Yes","183","emergency service","0.9774913787841797","True","True"
"Yes","Yes","184","emergency service","0.9774913787841797","True","True"
"Yes","Yes","185","emergency service","0.9774913787841797","True","True"
"Yes","Yes","186","emergency service","0.9774913787841797","True","True"
"Yes","Yes","187","emergency service","0.9774913787841797","True","True"
"Yes","Yes","188","emergency service","0.9774913787841797","True","True"
"Yes","Yes","189","emergency service","0.9774913787841797","True","True"
"Yes","Yes","190","emergency service","0.9774913787841797","True","True"
"Yes","Yes","191","emergency service","0.9774913787841797","True","True"
"Yes","Yes","192","emergency service","0.9774913787841797","True","True"
"Yes","Yes","193","emergency service","0.9774913787841797","True","True"
"Yes","Yes","194","emergency service","0.9774913787841797","True","True"
"Yes","Yes","195","emergency service","0.9774913787841797","True","True"
"Yes","Yes","196","emergency service","0.9774913787841797","True","True"
"Yes","Yes","197","emergency service","0.9774913787841797","True","True"
"Yes","Yes","198","emergency service","0.9774913787841797","True","True"
"Yes","Yes","199","emergency service","0.9774913787841797","True","True"
"Yes","Yes","200","emergency service","0.9774913787841797","True","True"
"Yes","Yes","201","emergency service","0.9774913787841797","True","True"
"Yes","Yes","202","emergency service","0.9774913787841797","True","True"
"Yes","Yes","203","emergency service","0.9774913787841797","True","True"
"Yes","Yes","204","emergency service","0.9774913787841797","True","True"
"Yes","Yes","205","emergency service","0.9774913787841797","True","True"
"Yes","Yes","206","emergency service","0.9774913787841797","True","True"
"Yes","Yes","207","emergency service","0.9774913787841797","True","True"
"Yes","Yes","208","emergency service","0.9774913787841797","True","True"
"Yes","Yes","209","emergency service","0.9774913787841797","True","True"
"Yes","Yes","210","emergency service","0.9774913787841797","True","True"
"Yes","Yes","211","emergency service","0.9774913787841797","True","True"
"Yes","Yes","212","emergency service","0.9774913787841797","True","True"
"Yes","Yes","213","emergency service","0.9774913787841797","True","True"
"Yes","Yes","214","emergency service","0.9774913787841797","True","True"
"Yes","Yes","215","emergency service","0.9774913787841797","True","True"
"Yes","Yes","216","emergency service","0.9774913787841797","True","True"
"Yes","Yes","217","emergency service","0.9774913787841797","True","True"
"Yes","Yes","218","emergency service","0.9774913787841797","True","True"
"Yes","Yes","219","emergency service","0.9774913787841797","True","True"
"Yes","Yes","220","emergency service","0.9774913787841797","True","True"
"Yes","Yes","221","emergency service","0.9774913787841797","True","True"
"Yes","Yes","222","emergency service","0.9774913787841797","True","True"
"Yes","Yes","223","emergency service","0.9774913787841797","True","True"
"Yes","Yes","224","emergency service","0.9774913787841797","True","True"
"Yes","Yes","225","emergency service","0.9774913787841797","True","True"
"Yes","Yes","226","emergency service","0.9774913787841797","True","True"
"Yes","Yes","227","emergency service","0.9774913787841797","True","True"
"Yes","Yes","228","emergency service","0.9774913787841797","True","True"
"Yes","Yes","229","emergency service","0.9774913787841797","True","True"
"Yes","Yes","230","emergency service","0.9774913787841797","True","True"
"Yes","Yes","231","emergency service","0.9774913787841797","True","True"
"Yes","Yes","232","emergency service","0.9774913787841797","True","True"
"Yes","Yes","233","emergency service","0.9774913787841797","True","True"
"Yes","Yes","234","emergency service","0.9774913787841797","True","True"
"Yes","Yes","235","emergency service","0.9774913787841797","True","True"
"Yes","Yes","236","emergency service","0.9774913787841797","True","True"
"Yes","Yes","237","emergency service","0.9774913787841797","True","True"
"Yes","Yes","238","emergency service","0.9774913787841797","True","True"
"Yes","Yes","239","emergency service","0.9774913787841797","True","True"
"Yes","Yes","240","emergency service","0.9774913787841797","True","True"
"Yes","Yes","241","emergency service","0.9774913787841797","True","True"
"Yes","Yes","242","emergency service","0.9774913787841797","True","True"
"Yes","Yes","243","emergency service","0.9774913787841797","True","True"
"Yes","Yes","244","emergency service","0.9774913787841797","True","True"
"Yes","Yes","245","emergency service","0.9774913787841797","True","True"
"Yes","Yes","246","emergency service","0.9774913787841797","True","True"
"Yes","Yes","247","emergency service","0.9774913787841797","True","True"
"Yes","Yes","248","emergency service","0.9774913787841797","True","True"
"Yes","Yes","249","emergency service","0.9774913787841797","True","True"
"Yes","Yes","250","emergency service","0.9774913787841797","True","True"
"Yes","Yes","251","emergency service","0.9774913787841797","True","True"
"Yes","Yes","252","emergency service","0.9774913787841797","True","True"
"Yes","Yes","253","emergency service","0.9774913787841797","True","True"
"Yes","Yes","254","emergency service","0.9774913787841797","True","True"
"Yes","Yes","255","emergency service","0.9774913787841797","True","True"
"Yes","Yes","256","emergency service","0.9774913787841797","True","True"
"Yes","Yes","257","emergency service","0.9774913787841797","True","True"
"Yes","Yes","258","emergency service","0.9774913787841797","True","True"
"Yes","Yes","259","emergency service","0.9774913787841797","True","True"
"Yes","Yes","260","emergency service","0.9774913787841797","True","True"
"Yes","Yes","261","emergency service","0.9774913787841797","True","True"
"Yes","Yes","262","emergency service","0.9774913787841797","True","True"
"Yes","Yes","263","emergency service","0.9774913787841797","True","True"
"Yes","Yes","264","emergency service","0.9774913787841797","True","True"
"Yes","Yes","265","emergency service","0.9774913787841797","True","True"
"Yes","Yes","266","emergency service","0.9774913787841797","True","True"
"Yes","Yes","267","emergency service","0.9774913787841797","True","True"
"Yes","Yes","268","emergency service","0.9774913787841797","True","True"
"Yes","Yes","269","emergency service","0.9774913787841797","True","True"
"Yes","Yes","270","emergency service","0.9774913787841797","True","True"
"Yes","Yes","271","emergency service","0.9774913787841797","True","True"
"Yes","Yes","272","emergency service","0.9774913787841797","True","True"
"Yes","Yes","273","emergency service","0.9774913787841797","True","True"
"Yes","Yes","274","emergency service","0.9774913787841797","True","True"
"Yes","Yes","275","emergency service","0.9774913787841797","True","True"
"Yes","Yes","276","emergency service","0.9774913787841797","True","True"
"Yes","Yes","277","emergency service","0.9774913787841797","True","True"
"Yes","Yes","278","emergency service","0.9774913787841797","True","True"
"Yes","Yes","279","emergency service","0.9774913787841797","True","True"
"Yes","Yes","280","emergency service","0.9774913787841797","True","True"
"Yes","Yes","281","emergency service","0.9774913787841797","True","True"
"Yes","Yes","282","emergency service","0.9774913787841797","True","True"
"Yes","Yes","283","emergency service","0.9774913787841797","True","True"
"Yes","Yes","284","emergency service","0.9774913787841797","True","True"
"Yes","Yes","285","emergency service","0.9774913787841797","True","True"
"Yes","Yes","286","emergency service","0.9774913787841797","True","True"
"Yes","Yes","287","emergency service","0.9774913787841797","True","True"
"Yes","Yes","288","emergency service","0.9774913787841797","True","True"
"Yes","Yes","289","emergency service","0.9774913787841797","True","True"
"Yes","Yes","290","emergency service","0.9774913787841797","True","True"
"Yes","Yes","291","emergency service","0.9774913787841797","True","True"
"Yes","Yes","292","emergency service","0.9774913787841797","True","True"
"Yes","Yes","293","emergency service","0.9774913787841797","True","True"
"Yes","Yes","294","emergency service","0.9774913787841797","True","True"
"Yes","Yes","295","emergency service","0.9774913787841797","True","True"
"Yes","Yes","296","emergency service","0.9774913787841797","True","True"
"Yes","Yes","297","emergency service","0.9774913787841797","True","True"
"Yes","Yes","298","emergency service","0.9774913787841797","True","True"
"Yes","Yes","299","emergency service","0.9774913787841797","True","True"
"Yes","Yes","300","emergency service","0.9774913787841797","True","True"
"Yes","Yes","301","emergency service","0.9774913787841797","True","True"
"Yes","Yes","302","emergency service","0.9774913787841797","True","True"
"Yes","Yes","303","emergency service","0.9774913787841797","True","True"
"Yes","Yes","304","emergency service","0.9774913787841797","True","True"
"Yes","Yes","305","emergency service","0.9774913787841797","True","True"
"Yes","Yes","306","emergency service","0.9774913787841797","True","True"
"Yes","Yes","307","emergency service","0.9774913787841797","True","True"
"Yes","Yes","308","emergency service","0.9774913787841797","True","True"
"Yes","Yes","309","emergency service","0.9774913787841797","True","True"
"Yes","Yes","310","emergency service","0.9774913787841797","True","True"
"Yes","Yes","311","emergency service","0.9774913787841797","True","True"
"Yes","Yes","312","emergency service","0.9774913787841797","True","True"
"Yes","Yes","313","emergency service","0.9774913787841797","True","True"
"Yes","Yes","314","emergency service","0.9774913787841797","True","True"
"Yes","Yes","315","emergency service","0.9774913787841797","True","True"
"Yes","Yes","316","emergency service","0.9774913787841797","True","True"
"Yes","Yes","317","emergency service","0.9774913787841797","True","True"
"xes","Yes","318","emergency service","0.014000756666064262","False","False"
"Yes","Yes","319","emergency service","0.9774913787841797","True","True"
"Yes","Yes","320","emergency service","0.9774913787841797","True","True"
"Yes","Yes","321","emergency service","0.9774913787841797","True","True"
"Yes","Yes","322","emergency service","0.9774913787841797","True","True"
"Yes","Yes","323","emergency service","0.9774913787841797","True","True"
"Yes","Yes","324","emergency service","0.9774913787841797","True","True"
"Yes","Yes","325","emergency service","0.9774913787841797","True","True"
"Yes","Yes","326","emergency service","0.9774913787841797","True","True"
"Yex","Yes","327","emergency service","0.10569041222333908","False","False"
"Yes","Yes","328","emergency service","0.9774913787841797","True","True"
"Yes","Yes","329","emergency service","0.9774913787841797","True","True"
"Yes","Yes","330","emergency service","0.9774913787841797","True","True"
"Yes","Yes","331","emergency service","0.9774913787841797","True","True"
"Yex","Yes","332","emergency service","0.10569041222333908","False","False"
"Yes","Yes","333","emergency service","0.9774913787841797","True","True"
"Yes","Yes","334","emergency service","0.9774913787841797","True","True"
"Yes","Yes","335","emergency service","0.9774913787841797","True","True"
"Yes","Yes","336","emergency service","0.9774913787841797","True","True"
"Yes","Yes","337","emergency service","0.9774913787841797","True","True"
"Yes","Yes","338","emergency service","0.9774913787841797","True","True"
"Yes","Yes","339","emergency service","0.9774913787841797","True","True"
"Yes","Yes","340","emergency service","0.9774913787841797","True","True"
"Yes","Yes","341","emergency service","0.9774913787841797","True","True"
"Yes","Yes","342","emergency service","0.9774913787841797","True","True"
"Yes","Yes","343","emergency service","0.9774913787841797","True","True"
"Yes","Yes","344","emergency service","0.9774913787841797","True","True"
"Yes","Yes","345","emergency service","0.9774913787841797","True","True"
"Yes","Yes","346","emergency service","0.9774913787841797","True","True"
"Yes","Yes","347","emergency service","0.9774913787841797","True","True"
"Yes","Yes","348","emergency service","0.9774913787841797","True","True"
"Yes","Yes","349","emergency service","0.9774913787841797","True","True"
"Yxs","Yes","350","emergency service","0.02231214940547943","False","False"
"Yes","Yes","351","emergency service","0.9774913787841797","True","True"
"Yes","Yes","352","emergency service","0.9774913787841797","True","True"
"Yes","Yes","353","emergency service","0.9774913787841797","True","True"
"Yes","Yes","354","emergency service","0.9774913787841797","True","True"
"Yes","Yes","355","emergency service","0.9774913787841797","True","True"
"Yes","Yes","356","emergency service","0.9774913787841797","True","True"
"Yes","Yes","357","emergency service","0.9774913787841797","True","True"
"Yes","Yes","358","emergency service","0.9774913787841797","True","True"
"Yes","Yes","359","emergency service","0.9774913787841797","True","True"
"Yes","Yes","360","emergency service","0.9774913787841797","True","True"
"Yes","Yes","361","emergency service","0.9774913787841797","True","True"
"Yes","Yes","362","emergency service","0.9774913787841797","True","True"
"Yes","Yes","363","emergency service","0.9774913787841797","True","True"
"Yes","Yes","364","emergency service","0.9774913787841797","True","True"
"Yes","Yes","365","emergency service","0.9774913787841797","True","True"
"Yes","Yes","366","emergency service","0.9774913787841797","True","True"
"Yes","Yes","367","emergency service","0.9774913787841797","True","True"
"Yes","Yes","368","emergency service","0.9774913787841797","True","True"
"Yes","Yes","369","emergency service","0.9774913787841797","True","True"
"Yes","Yes","370","emergency service","0.9774913787841797","True","True"
"Yes","Yes","371","emergency service","0.9774913787841797","True","True"
"Yes","Yes","372","emergency service","0.9774913787841797","True","True"
"Yes","Yes","373","emergency service","0.9774913787841797","True","True"
"Yex","Yes","374","emergency service","0.10569041222333908","False","False"
"Yes","Yes","375","emergency service","0.9774913787841797","True","True"
"Yes","Yes","376","emergency service","0.9774913787841797","True","True"
"Yes","Yes","377","emergency service","0.9774913787841797","True","True"
"Yes","Yes","378","emergency service","0.9774913787841797","True","True"
"Yes","Yes","379","emergency service","0.9774913787841797","True","True"
"Yes","Yes","380","emergency service","0.9774913787841797","True","True"
"Yes","Yes","381","emergency service","0.9774913787841797","True","True"
"Yes","Yes","382","emergency service","0.9774913787841797","True","True"
"Yes","Yes","383","emergency service","0.9774913787841797","True","True"
"Yes","Yes","384","emergency service","0.9774913787841797","True","True"
"Yes","Yes","385","emergency service","0.9774913787841797","True","True"
"Yes","Yes","386","emergency service","0.9774913787841797","True","True"
"Yes","Yes","387","emergency service","0.9774913787841797","True","True"
"Yes","Yes","388","emergency service","0.9774913787841797","True","True"
"Yxs","Yes","389","emergency service","0.02231214940547943","False","False"
"Yes","Yes","390","emergency service","0.9774913787841797","True","True"
"Yes","Yes","391","emergency service","0.9774913787841797","True","True"
"Yes","Yes","392","emergency service","0.9774913787841797","True","True"
"Yes","Yes","393","emergency service","0.9774913787841797","True","True"
"Yes","Yes","394","emergency service","0.9774913787841797","True","True"
"Yes","Yes","395","emergency service","0.9774913787841797","True","True"
"Yes","Yes","396","emergency service","0.9774913787841797","True","True"
"Yes","Yes","397","emergency service","0.9774913787841797","True","True"
"Yes","Yes","398","emergency service","0.9774913787841797","True","True"
"Yes","Yes","399","emergency service","0.9774913787841797","True","True"
"Yes","Yes","400","emergency service","0.9774913787841797","True","True"
"Yes","Yes","401","emergency service","0.9774913787841797","True","True"
"Yes","Yes","402","emergency service","0.9774913787841797","True","True"
"Yes","Yes","403","emergency service","0.9774913787841797","True","True"
"Yes","Yes","404","emergency service","0.9774913787841797","True","True"
"Yes","Yes","405","emergency service","0.9774913787841797","True","True"
"Yes","Yes","406","emergency service","0.9774913787841797","True","True"
"Yes","Yes","407","emergency service","0.9774913787841797","True","True"
"Yes","Yes","408","emergency service","0.9774913787841797","True","True"
"Yes","Yes","409","emergency service","0.9774913787841797","True","True"
"Yxs","Yes","410","emergency service","0.02231214940547943","False","False"
"Yes","Yes","411","emergency service","0.9774913787841797","True","True"
"Yes","Yes","412","emergency service","0.9774913787841797","True","True"
"Yes","Yes","413","emergency service","0.9774913787841797","True","True"
"No","No","414","emergency service","0.9811060428619385","True","True"
"No","No","415","emergency service","0.9811060428619385","True","True"
"No","No","416","emergency service","0.9811060428619385","True","True"
"No","No","417","emergency service","0.9811060428619385","True","True"
"xo","No","418","emergency service","0.01819772832095623","False","False"
"No","No","419","emergency service","0.9811060428619385","True","True"
"No","No","420","emergency service","0.9811060428619385","True","True"
"No","No","421","emergency service","0.9811060428619385","True","True"
"No","No","422","emergency service","0.9811060428619385","True","True"
"No","No","423","emergency service","0.9811060428619385","True","True"
"No","No","424","emergency service","0.9811060428619385","True","True"
"No","No","425","emergency service","0.9811060428619385","True","True"
"No","No","426","emergency service","0.9811060428619385","True","True"
"No","No","427","emergency service","0.9811060428619385","True","True"
"No","No","428","emergency service","0.9811060428619385","True","True"
"No","No","429","emergency service","0.9811060428619385","True","True"
"No","No","430","emergency service","0.9811060428619385","True","True"
"No","No","431","emergency service","0.9811060428619385","True","True"
"Yes","Yes","432","emergency service","0.9774913787841797","True","True"
"Yes","Yes","433","emergency service","0.9774913787841797","True","True"
"Yes","Yes","434","emergency service","0.9774913787841797","True","True"
"Yes","Yes","435","emergency service","0.9774913787841797","True","True"
"Yes","Yes","436","emergency service","0.9774913787841797","True","True"
"Yes","Yes","437","emergency service","0.9774913787841797","True","True"
"Yes","Yes","438","emergency service","0.9774913787841797","True","True"
"Yes","Yes","439","emergency service","0.9774913787841797","True","True"
"Yes","Yes","440","emergency service","0.9774913787841797","True","True"
"Yes","Yes","441","emergency service","0.9774913787841797","True","True"
"Yes","Yes","442","emergency service","0.9774913787841797","True","True"
"Yes","Yes","443","emergency service","0.9774913787841797","True","True"
"Yes","Yes","444","emergency service","0.9774913787841797","True","True"
"Yes","Yes","445","emergency service","0.9774913787841797","True","True"
"Yes","Yes","446","emergency service","0.9774913787841797","True","True"
"Yes","Yes","447","emergency service","0.9774913787841797","True","True"
"Yes","Yes","448","emergency service","0.9774913787841797","True","True"
"Yes","Yes","449","emergency service","0.9774913787841797","True","True"
"No","No","450","emergency service","0.9811060428619385","True","True"
"No","No","451","emergency service","0.9811060428619385","True","True"
"Yes","Yes","452","emergency service","0.9774913787841797","True","True"
"Yes","Yes","453","emergency service","0.9774913787841797","True","True"
"Yes","Yes","454","emergency service","0.9774913787841797","True","True"
"Yes","Yes","455","emergency service","0.9774913787841797","True","True"
"Yes","Yes","456","emergency service","0.9774913787841797","True","True"
"Yes","Yes","457","emergency service","0.9774913787841797","True","True"
"Yes","Yes","458","emergency service","0.9774913787841797","True","True"
"Yes","Yes","459","emergency service","0.9774913787841797","True","True"
"Yes","Yes","460","emergency service","0.9774913787841797","True","True"
"Yes","Yes","461","emergency service","0.9774913787841797","True","True"
"Yes","Yes","462","emergency service","0.9774913787841797","True","True"
"Yes","Yes","463","emergency service","0.9774913787841797","True","True"
"Yes","Yes","464","emergency service","0.9774913787841797","True","True"
"Yes","Yes","465","emergency service","0.9774913787841797","True","True"
"Yes","Yes","466","emergency service","0.9774913787841797","True","True"
"Yes","Yes","467","emergency service","0.9774913787841797","True","True"
"Yes","Yes","468","emergency service","0.9774913787841797","True","True"
"Yes","Yes","469","emergency service","0.9774913787841797","True","True"
"Yes","Yes","470","emergency service","0.9774913787841797","True","True"
"Yes","Yes","471","emergency service","0.9774913787841797","True","True"
"Yes","Yes","472","emergency service","0.9774913787841797","True","True"
"Yes","Yes","473","emergency service","0.9774913787841797","True","True"
"Yes","Yes","474","emergency service","0.9774913787841797","True","True"
"Yes","Yes","475","emergency service","0.9774913787841797","True","True"
"Yes","Yes","476","emergency service","0.9774913787841797","True","True"
"Yes","Yes","477","emergency service","0.9774913787841797","True","True"
"Yes","Yes","478","emergency service","0.9774913787841797","True","True"
"Yes","Yes","479","emergency service","0.9774913787841797","True","True"
"Yes","Yes","480","emergency service","0.9774913787841797","True","True"
"Yes","Yes","481","emergency service","0.9774913787841797","True","True"
"Yes","Yes","482","emergency service","0.9774913787841797","True","True"
"Yes","Yes","483","emergency service","0.9774913787841797","True","True"
"Yes","Yes","484","emergency service","0.9774913787841797","True","True"
"Yes","Yes","485","emergency service","0.9774913787841797","True","True"
"Yes","Yes","486","emergency service","0.9774913787841797","True","True"
"Yes","Yes","487","emergency service","0.9774913787841797","True","True"
"Yes","Yes","488","emergency service","0.9774913787841797","True","True"
"Yes","Yes","489","emergency service","0.9774913787841797","True","True"
"Yes","Yes","490","emergency service","0.9774913787841797","True","True"
"Yes","Yes","491","emergency service","0.9774913787841797","True","True"
"Yxs","Yes","492","emergency service","0.02231214940547943","False","False"
"Yes","Yes","493","emergency service","0.9774913787841797","True","True"
"Yes","Yes","494","emergency service","0.9774913787841797","True","True"
"Yes","Yes","495","emergency service","0.9774913787841797","True","True"
"Yes","Yes","496","emergency service","0.9774913787841797","True","True"
"Yes","Yes","497","emergency service","0.9774913787841797","True","True"
"Yes","Yes","498","emergency service","0.9774913787841797","True","True"
"Yes","Yes","499","emergency service","0.9774913787841797","True","True"
"Yes","Yes","500","emergency service","0.9774913787841797","True","True"
"Yes","Yes","501","emergency service","0.9774913787841797","True","True"
"Yes","Yes","502","emergency service","0.9774913787841797","True","True"
"Yes","Yes","503","emergency service","0.9774913787841797","True","True"
"Yes","Yes","504","emergency service","0.9774913787841797","True","True"
"Yes","Yes","505","emergency service","0.9774913787841797","True","True"
"Yes","Yes","506","emergency service","0.9774913787841797","True","True"
"Yes","Yes","507","emergency service","0.9774913787841797","True","True"
"Yes","Yes","508","emergency service","0.9774913787841797","True","True"
"Yes","Yes","509","emergency service","0.9774913787841797","True","True"
"Yes","Yes","510","emergency service","0.9774913787841797","True","True"
"Yes","Yes","511","emergency service","0.9774913787841797","True","True"
"Yes","Yes","512","emergency service","0.9774913787841797","True","True"
"Yes","Yes","513","emergency service","0.9774913787841797","True","True"
"Yes","Yes","514","emergency service","0.9774913787841797","True","True"
"Yes","Yes","515","emergency service","0.9774913787841797","True","True"
"Yes","Yes","516","emergency service","0.9774913787841797","True","True"
"Yes","Yes","517","emergency service","0.9774913787841797","True","True"
"Yes","Yes","518","emergency service","0.9774913787841797","True","True"
"Yes","Yes","519","emergency service","0.9774913787841797","True","True"
"Yes","Yes","520","emergency service","0.9774913787841797","True","True"
"Yxs","Yes","521","emergency service","0.02231214940547943","False","False"
"Yes","Yes","522","emergency service","0.9774913787841797","True","True"
"Yes","Yes","523","emergency service","0.9774913787841797","True","True"
"Yes","Yes","524","emergency service","0.9774913787841797","True","True"
"Yes","Yes","525","emergency service","0.9774913787841797","True","True"
"Yes","Yes","526","emergency service","0.9774913787841797","True","True"
"Yes","Yes","527","emergency service","0.9774913787841797","True","True"
"Yes","Yes","528","emergency service","0.9774913787841797","True","True"
"Yes","Yes","529","emergency service","0.9774913787841797","True","True"
"Yes","Yes","530","emergency service","0.9774913787841797","True","True"
"Yes","Yes","531","emergency service","0.9774913787841797","True","True"
"Yes","Yes","532","emergency service","0.9774913787841797","True","True"
"Yes","Yes","533","emergency service","0.9774913787841797","True","True"
"Yes","Yes","534","emergency service","0.9774913787841797","True","True"
"Yes","Yes","535","emergency service","0.9774913787841797","True","True"
"Yex","Yes","536","emergency service","0.10569041222333908","False","False"
"Yes","Yes","537","emergency service","0.9774913787841797","True","True"
"Yes","Yes","538","emergency service","0.9774913787841797","True","True"
"Yes","Yes","539","emergency service","0.9774913787841797","True","True"
"Yes","Yes","540","emergency service","0.9774913787841797","True","True"
"Yes","Yes","541","emergency service","0.9774913787841797","True","True"
"Yes","Yes","542","emergency service","0.9774913787841797","True","True"
"Yes","Yes","543","emergency service","0.9774913787841797","True","True"
"Yes","Yes","544","emergency service","0.9774913787841797","True","True"
"Yes","Yes","545","emergency service","0.9774913787841797","True","True"
"Yes","Yes","546","emergency service","0.9774913787841797","True","True"
"Yes","Yes","547","emergency service","0.9774913787841797","True","True"
"Yes","Yes","548","emergency service","0.9774913787841797","True","True"
"Yes","Yes","549","emergency service","0.9774913787841797","True","True"
"Yes","Yes","550","emergency service","0.9774913787841797","True","True"
"Yes","Yes","551","emergency service","0.9774913787841797","True","True"
"Yes","Yes","552","emergency service","0.9774913787841797","True","True"
"Yes","Yes","553","emergency service","0.9774913787841797","True","True"
"Yes","Yes","554","emergency service","0.9774913787841797","True","True"
"Yes","Yes","555","emergency service","0.9774913787841797","True","True"
"Yes","Yes","556","emergency service","0.9774913787841797","True","True"
"Yes","Yes","557","emergency service","0.9774913787841797","True","True"
"Yes","Yes","558","emergency service","0.9774913787841797","True","True"
"Yes","Yes","559","emergency service","0.9774913787841797","True","True"
"Yes","Yes","560","emergency service","0.9774913787841797","True","True"
"Yes","Yes","561","emergency service","0.9774913787841797","True","True"
"Yes","Yes","562","emergency service","0.9774913787841797","True","True"
"Yes","Yes","563","emergency service","0.9774913787841797","True","True"
"xes","Yes","564","emergency service","0.014000756666064262","False","False"
"Yes","Yes","565","emergency service","0.9774913787841797","True","True"
"Yes","Yes","566","emergency service","0.9774913787841797","True","True"
"Yes","Yes","567","emergency service","0.9774913787841797","True","True"
"Yes","Yes","568","emergency service","0.9774913787841797","True","True"
"Yes","Yes","569","emergency service","0.9774913787841797","True","True"
"Yes","Yes","570","emergency service","0.9774913787841797","True","True"
"Yes","Yes","571","emergency service","0.9774913787841797","True","True"
"Yes","Yes","572","emergency service","0.9774913787841797","True","True"
"Yes","Yes","573","emergency service","0.9774913787841797","True","True"
"Yes","Yes","574","emergency service","0.9774913787841797","True","True"
"Yes","Yes","575","emergency service","0.9774913787841797","True","True"
"Yes","Yes","576","emergency service","0.9774913787841797","True","True"
"Yes","Yes","577","emergency service","0.9774913787841797","True","True"
"Yes","Yes","578","emergency service","0.9774913787841797","True","True"
"xes","Yes","579","emergency service","0.014000756666064262","False","False"
"Yes","Yes","580","emergency service","0.9774913787841797","True","True"
"Yes","Yes","581","emergency service","0.9774913787841797","True","True"
"Yes","Yes","582","emergency service","0.9774913787841797","True","True"
"Yes","Yes","583","emergency service","0.9774913787841797","True","True"
"Yes","Yes","584","emergency service","0.9774913787841797","True","True"
"Yes","Yes","585","emergency service","0.9774913787841797","True","True"
"Yes","Yes","586","emergency service","0.9774913787841797","True","True"
"xes","Yes","587","emergency service","0.014000756666064262","False","False"
"Yes","Yes","588","emergency service","0.9774913787841797","True","True"
"Yes","Yes","589","emergency service","0.9774913787841797","True","True"
"Yes","Yes","590","emergency service","0.9774913787841797","True","True"
"Yes","Yes","591","emergency service","0.9774913787841797","True","True"
"Yes","Yes","592","emergency service","0.9774913787841797","True","True"
"Yes","Yes","593","emergency service","0.9774913787841797","True","True"
"Yes","Yes","594","emergency service","0.9774913787841797","True","True"
"Yes","Yes","595","emergency service","0.9774913787841797","True","True"
"Yes","Yes","596","emergency service","0.9774913787841797","True","True"
"Yes","Yes","597","emergency service","0.9774913787841797","True","True"
"Yes","Yes","598","emergency service","0.9774913787841797","True","True"
"Yes","Yes","599","emergency service","0.9774913787841797","True","True"
"Yes","Yes","600","emergency service","0.9774913787841797","True","True"
"Yes","Yes","601","emergency service","0.9774913787841797","True","True"
"Yes","Yes","602","emergency service","0.9774913787841797","True","True"
"Yes","Yes","603","emergency service","0.9774913787841797","True","True"
"Yes","Yes","604","emergency service","0.9774913787841797","True","True"
"Yes","Yes","605","emergency service","0.9774913787841797","True","True"
"Yes","Yes","606","emergency service","0.9774913787841797","True","True"
"Yes","Yes","607","emergency service","0.9774913787841797","True","True"
"Yes","Yes","608","emergency service","0.9774913787841797","True","True"
"Yes","Yes","609","emergency service","0.9774913787841797","True","True"
"Yes","Yes","610","emergency service","0.9774913787841797","True","True"
"Yes","Yes","611","emergency service","0.9774913787841797","True","True"
"Yes","Yes","612","emergency service","0.9774913787841797","True","True"
"Yes","Yes","613","emergency service","0.9774913787841797","True","True"
"Yes","Yes","614","emergency service","0.9774913787841797","True","True"
"Yes","Yes","615","emergency service","0.9774913787841797","True","True"
"Yes","Yes","616","emergency service","0.9774913787841797","True","True"
"Yes","Yes","617","emergency service","0.9774913787841797","True","True"
"Yes","Yes","618","emergency service","0.9774913787841797","True","True"
"Yes","Yes","619","emergency service","0.9774913787841797","True","True"
"Yes","Yes","620","emergency service","0.9774913787841797","True","True"
"Yes","Yes","621","emergency service","0.9774913787841797","True","True"
"Yes","Yes","622","emergency service","0.9774913787841797","True","True"
"Yes","Yes","623","emergency service","0.9774913787841797","True","True"
"Yes","Yes","624","emergency service","0.9774913787841797","True","True"
"Yes","Yes","625","emergency service","0.9774913787841797","True","True"
"Yes","Yes","626","emergency service","0.9774913787841797","True","True"
"Yes","Yes","627","emergency service","0.9774913787841797","True","True"
"Yex","Yes","628","emergency service","0.10569041222333908","False","False"
"Yes","Yes","629","emergency service","0.9774913787841797","True","True"
"Yes","Yes","630","emergency service","0.9774913787841797","True","True"
"Yes","Yes","631","emergency service","0.9774913787841797","True","True"
"Yes","Yes","632","emergency service","0.9774913787841797","True","True"
"Yes","Yes","633","emergency service","0.9774913787841797","True","True"
"Yes","Yes","634","emergency service","0.9774913787841797","True","True"
"Yes","Yes","635","emergency service","0.9774913787841797","True","True"
"Yes","Yes","636","emergency service","0.9774913787841797","True","True"
"Yes","Yes","637","emergency service","0.9774913787841797","True","True"
"Yes","Yes","638","emergency service","0.9774913787841797","True","True"
"Yes","Yes","639","emergency service","0.9774913787841797","True","True"
"Yes","Yes","640","emergency service","0.9774913787841797","True","True"
"No","No","641","emergency service","0.9811060428619385","True","True"
"No","No","642","emergency service","0.9811060428619385","True","True"
"No","No","643","emergency service","0.9811060428619385","True","True"
"No","No","644","emergency service","0.9811060428619385","True","True"
"No","No","645","emergency service","0.9811060428619385","True","True"
"No","No","646","emergency service","0.9811060428619385","True","True"
"No","No","647","emergency service","0.9811060428619385","True","True"
"No","No","648","emergency service","0.9811060428619385","True","True"
"No","No","649","emergency service","0.9811060428619385","True","True"
"No","No","650","emergency service","0.9811060428619385","True","True"
"No","No","651","emergency service","0.9811060428619385","True","True"
"No","No","652","emergency service","0.9811060428619385","True","True"
"xo","No","653","emergency service","0.01819772832095623","False","False"
"No","No","654","emergency service","0.9811060428619385","True","True"
"No","No","655","emergency service","0.9811060428619385","True","True"
"No","No","656","emergency service","0.9811060428619385","True","True"
"No","No","657","emergency service","0.9811060428619385","True","True"
"No","No","658","emergency service","0.9811060428619385","True","True"
"No","No","659","emergency service","0.9811060428619385","True","True"
"No","No","660","emergency service","0.9811060428619385","True","True"
"No","No","661","emergency service","0.9811060428619385","True","True"
"No","No","662","emergency service","0.9811060428619385","True","True"
"No","No","663","emergency service","0.9811060428619385","True","True"
"No","No","664","emergency service","0.9811060428619385","True","True"
"No","No","665","emergency service","0.9811060428619385","True","True"
"Yes","Yes","666","emergency service","0.9774913787841797","True","True"
"Yes","Yes","667","emergency service","0.9774913787841797","True","True"
"Yes","Yes","668","emergency service","0.9774913787841797","True","True"
"Yes","Yes","669","emergency service","0.9774913787841797","True","True"
"Yes","Yes","670","emergency service","0.9774913787841797","True","True"
"Yes","Yes","671","emergency service","0.9774913787841797","True","True"
"Yes","Yes","672","emergency service","0.9774913787841797","True","True"
"Yes","Yes","673","emergency service","0.9774913787841797","True","True"
"Yex","Yes","674","emergency service","0.10569041222333908","False","False"
"Yes","Yes","675","emergency service","0.9774913787841797","True","True"
"Yes","Yes","676","emergency service","0.9774913787841797","True","True"
"Yes","Yes","677","emergency service","0.9774913787841797","True","True"
"Yes","Yes","678","emergency service","0.9774913787841797","True","True"
"Yes","Yes","679","emergency service","0.9774913787841797","True","True"
"Yes","Yes","680","emergency service","0.9774913787841797","True","True"
"Yes","Yes","681","emergency service","0.9774913787841797","True","True"
"Yes","Yes","682","emergency service","0.9774913787841797","True","True"
"Yes","Yes","683","emergency service","0.9774913787841797","True","True"
"Yes","Yes","684","emergency service","0.9774913787841797","True","True"
"Yes","Yes","685","emergency service","0.9774913787841797","True","True"
"Yes","Yes","686","emergency service","0.9774913787841797","True","True"
"Yes","Yes","687","emergency service","0.9774913787841797","True","True"
"Yes","Yes","688","emergency service","0.9774913787841797","True","True"
"Yes","Yes","689","emergency service","0.9774913787841797","True","True"
"Yes","Yes","690","emergency service","0.9774913787841797","True","True"
"No","No","691","emergency service","0.9811060428619385","True","True"
"No","No","692","emergency service","0.9811060428619385","True","True"
"No","No","693","emergency service","0.9811060428619385","True","True"
"No","No","694","emergency service","0.9811060428619385","True","True"
"No","No","695","emergency service","0.9811060428619385","True","True"
"No","No","696","emergency service","0.9811060428619385","True","True"
"No","No","697","emergency service","0.9811060428619385","True","True"
"No","No","698","emergency service","0.9811060428619385","True","True"
"No","No","699","emergency service","0.9811060428619385","True","True"
"No","No","700","emergency service","0.9811060428619385","True","True"
"No","No","701","emergency service","0.9811060428619385","True","True"
"No","No","702","emergency service","0.9811060428619385","True","True"
"No","No","703","emergency service","0.9811060428619385","True","True"
"No","No","704","emergency service","0.9811060428619385","True","True"
"No","No","705","emergency service","0.9811060428619385","True","True"
"No","No","706","emergency service","0.9811060428619385","True","True"
"No","No","707","emergency service","0.9811060428619385","True","True"
"No","No","708","emergency service","0.9811060428619385","True","True"
"No","No","709","emergency service","0.9811060428619385","True","True"
"No","No","710","emergency service","0.9811060428619385","True","True"
"No","No","711","emergency service","0.9811060428619385","True","True"
"No","No","712","emergency service","0.9811060428619385","True","True"
"No","No","713","emergency service","0.9811060428619385","True","True"
"No","No","714","emergency service","0.9811060428619385","True","True"
"No","No","715","emergency service","0.9811060428619385","True","True"
"Yes","Yes","716","emergency service","0.9774913787841797","True","True"
"Yes","Yes","717","emergency service","0.9774913787841797","True","True"
"Yes","Yes","718","emergency service","0.9774913787841797","True","True"
"Yes","Yes","719","emergency service","0.9774913787841797","True","True"
"Yes","Yes","720","emergency service","0.9774913787841797","True","True"
"Yes","Yes","721","emergency service","0.9774913787841797","True","True"
"Yes","Yes","722","emergency service","0.9774913787841797","True","True"
"Yes","Yes","723","emergency service","0.9774913787841797","True","True"
"Yes","Yes","724","emergency service","0.9774913787841797","True","True"
"Yes","Yes","725","emergency service","0.9774913787841797","True","True"
"Yes","Yes","726","emergency service","0.9774913787841797","True","True"
"Yes","Yes","727","emergency service","0.9774913787841797","True","True"
"Yes","Yes","728","emergency service","0.9774913787841797","True","True"
"Yes","Yes","729","emergency service","0.9774913787841797","True","True"
"Yes","Yes","730","emergency service","0.9774913787841797","True","True"
"Yes","Yes","731","emergency service","0.9774913787841797","True","True"
"Yes","Yes","732","emergency service","0.9774913787841797","True","True"
"Yes","Yes","733","emergency service","0.9774913787841797","True","True"
"Yes","Yes","734","emergency service","0.9774913787841797","True","True"
"Yes","Yes","735","emergency service","0.9774913787841797","True","True"
"Yes","Yes","736","emergency service","0.9774913787841797","True","True"
"Yes","Yes","737","emergency service","0.9774913787841797","True","True"
"Yes","Yes","738","emergency service","0.9774913787841797","True","True"
"Yes","Yes","739","emergency service","0.9774913787841797","True","True"
"Yes","Yes","740","emergency service","0.9774913787841797","True","True"
"No","No","741","emergency service","0.9811060428619385","True","True"
"No","No","742","emergency service","0.9811060428619385","True","True"
"No","No","743","emergency service","0.9811060428619385","True","True"
"No","No","744","emergency service","0.9811060428619385","True","True"
"No","No","745","emergency service","0.9811060428619385","True","True"
"No","No","746","emergency service","0.9811060428619385","True","True"
"No","No","747","emergency service","0.9811060428619385","True","True"
"No","No","748","emergency service","0.9811060428619385","True","True"
"No","No","749","emergency service","0.9811060428619385","True","True"
"No","No","750","emergency service","0.9811060428619385","True","True"
"No","No","751","emergency service","0.9811060428619385","True","True"
"No","No","752","emergency service","0.9811060428619385","True","True"
"No","No","753","emergency service","0.9811060428619385","True","True"
"No","No","754","emergency service","0.9811060428619385","True","True"
"No","No","755","emergency service","0.9811060428619385","True","True"
"No","No","756","emergency service","0.9811060428619385","True","True"
"No","No","757","emergency service","0.9811060428619385","True","True"
"No","No","758","emergency service","0.9811060428619385","True","True"
"No","No","759","emergency service","0.9811060428619385","True","True"
"No","No","760","emergency service","0.9811060428619385","True","True"
"No","No","761","emergency service","0.9811060428619385","True","True"
"No","No","762","emergency service","0.9811060428619385","True","True"
"No","No","763","emergency service","0.9811060428619385","True","True"
"No","No","764","emergency service","0.9811060428619385","True","True"
"No","No","765","emergency service","0.9811060428619385","True","True"
"Yes","Yes","766","emergency service","0.9774913787841797","True","True"
"Yes","Yes","767","emergency service","0.9774913787841797","True","True"
"Yes","Yes","768","emergency service","0.9774913787841797","True","True"
"Yes","Yes","769","emergency service","0.9774913787841797","True","True"
"Yes","Yes","770","emergency service","0.9774913787841797","True","True"
"Yes","Yes","771","emergency service","0.9774913787841797","True","True"
"Yes","Yes","772","emergency service","0.9774913787841797","True","True"
"Yes","Yes","773","emergency service","0.9774913787841797","True","True"
"Yes","Yes","774","emergency service","0.9774913787841797","True","True"
"Yes","Yes","775","emergency service","0.9774913787841797","True","True"
"Yes","Yes","776","emergency service","0.9774913787841797","True","True"
"Yes","Yes","777","emergency service","0.9774913787841797","True","True"
"Yes","Yes","778","emergency service","0.9774913787841797","True","True"
"Yes","Yes","779","emergency service","0.9774913787841797","True","True"
"Yes","Yes","780","emergency service","0.9774913787841797","True","True"
"Yes","Yes","781","emergency service","0.9774913787841797","True","True"
"Yes","Yes","782","emergency service","0.9774913787841797","True","True"
"Yes","Yes","783","emergency service","0.9774913787841797","True","True"
"Yes","Yes","784","emergency service","0.9774913787841797","True","True"
"Yes","Yes","785","emergency service","0.9774913787841797","True","True"
"Yes","Yes","786","emergency service","0.9774913787841797","True","True"
"Yes","Yes","787","emergency service","0.9774913787841797","True","True"
"Yes","Yes","788","emergency service","0.9774913787841797","True","True"
"Yes","Yes","789","emergency service","0.9774913787841797","True","True"
"Yes","Yes","790","emergency service","0.9774913787841797","True","True"
"Yes","Yes","791","emergency service","0.9774913787841797","True","True"
"Yes","Yes","792","emergency service","0.9774913787841797","True","True"
"Yes","Yes","793","emergency service","0.9774913787841797","True","True"
"Yes","Yes","794","emergency service","0.9774913787841797","True","True"
"Yes","Yes","795","emergency service","0.9774913787841797","True","True"
"Yes","Yes","796","emergency service","0.9774913787841797","True","True"
"Yxs","Yes","797","emergency service","0.02231214940547943","False","False"
"Yes","Yes","798","emergency service","0.9774913787841797","True","True"
"Yes","Yes","799","emergency service","0.9774913787841797","True","True"
"Yes","Yes","800","emergency service","0.9774913787841797","True","True"
"Yes","Yes","801","emergency service","0.9774913787841797","True","True"
"Yes","Yes","802","emergency service","0.9774913787841797","True","True"
"Yes","Yes","803","emergency service","0.9774913787841797","True","True"
"Yes","Yes","804","emergency service","0.9774913787841797","True","True"
"Yes","Yes","805","emergency service","0.9774913787841797","True","True"
"Yes","Yes","806","emergency service","0.9774913787841797","True","True"
"Yes","Yes","807","emergency service","0.9774913787841797","True","True"
"Yes","Yes","808","emergency service","0.9774913787841797","True","True"
"xes","Yes","809","emergency service","0.014000756666064262","False","False"
"Yes","Yes","810","emergency service","0.9774913787841797","True","True"
"Yes","Yes","811","emergency service","0.9774913787841797","True","True"
"Yes","Yes","812","emergency service","0.9774913787841797","True","True"
"Yes","Yes","813","emergency service","0.9774913787841797","True","True"
"Yes","Yes","814","emergency service","0.9774913787841797","True","True"
"Yes","Yes","815","emergency service","0.9774913787841797","True","True"
"Yes","Yes","816","emergency service","0.9774913787841797","True","True"
"Yes","Yes","817","emergency service","0.9774913787841797","True","True"
"Yes","Yes","818","emergency service","0.9774913787841797","True","True"
"Yes","Yes","819","emergency service","0.9774913787841797","True","True"
"Yes","Yes","820","emergency service","0.9774913787841797","True","True"
"Yes","Yes","821","emergency service","0.9774913787841797","True","True"
"Yes","Yes","822","emergency service","0.9774913787841797","True","True"
"Yes","Yes","823","emergency service","0.9774913787841797","True","True"
"Yes","Yes","824","emergency service","0.9774913787841797","True","True"
"Yes","Yes","825","emergency service","0.9774913787841797","True","True"
"Yes","Yes","826","emergency service","0.9774913787841797","True","True"
"Yes","Yes","827","emergency service","0.9774913787841797","True","True"
"Yes","Yes","828","emergency service","0.9774913787841797","True","True"
"Yes","Yes","829","emergency service","0.9774913787841797","True","True"
"Yes","Yes","830","emergency service","0.9774913787841797","True","True"
"Yes","Yes","831","emergency service","0.9774913787841797","True","True"
"Yes","Yes","832","emergency service","0.9774913787841797","True","True"
"Yes","Yes","833","emergency service","0.9774913787841797","True","True"
"Yes","Yes","834","emergency service","0.9774913787841797","True","True"
"Yes","Yes","835","emergency service","0.9774913787841797","True","True"
"Yes","Yes","836","emergency service","0.9774913787841797","True","True"
"Yes","Yes","837","emergency service","0.9774913787841797","True","True"
"Yes","Yes","838","emergency service","0.9774913787841797","True","True"
"Yes","Yes","839","emergency service","0.9774913787841797","True","True"
"Yes","Yes","840","emergency service","0.9774913787841797","True","True"
"Yes","Yes","841","emergency service","0.9774913787841797","True","True"
"Yes","Yes","842","emergency service","0.9774913787841797","True","True"
"Yes","Yes","843","emergency service","0.9774913787841797","True","True"
"Yes","Yes","844","emergency service","0.9774913787841797","True","True"
"Yes","Yes","845","emergency service","0.9774913787841797","True","True"
"Yes","Yes","846","emergency service","0.9774913787841797","True","True"
"Yes","Yes","847","emergency service","0.9774913787841797","True","True"
"Yes","Yes","848","emergency service","0.9774913787841797","True","True"
"Yes","Yes","849","emergency service","0.9774913787841797","True","True"
"Yes","Yes","850","emergency service","0.9774913787841797","True","True"
"Yes","Yes","851","emergency service","0.9774913787841797","True","True"
"Yes","Yes","852","emergency service","0.9774913787841797","True","True"
"Yes","Yes","853","emergency service","0.9774913787841797","True","True"
"Yes","Yes","854","emergency service","0.9774913787841797","True","True"
"Yes","Yes","855","emergency service","0.9774913787841797","True","True"
"Yes","Yes","856","emergency service","0.9774913787841797","True","True"
"Yes","Yes","857","emergency service","0.9774913787841797","True","True"
"Yes","Yes","858","emergency service","0.9774913787841797","True","True"
"Yes","Yes","859","emergency service","0.9774913787841797","True","True"
"Yes","Yes","860","emergency service","0.9774913787841797","True","True"
"Yes","Yes","861","emergency service","0.9774913787841797","True","True"
"Yes","Yes","862","emergency service","0.9774913787841797","True","True"
"Yes","Yes","863","emergency service","0.9774913787841797","True","True"
"Yes","Yes","864","emergency service","0.9774913787841797","True","True"
"Yes","Yes","865","emergency service","0.9774913787841797","True","True"
"Yxs","Yes","866","emergency service","0.02231214940547943","False","False"
"Yes","Yes","867","emergency service","0.9774913787841797","True","True"
"Yes","Yes","868","emergency service","0.9774913787841797","True","True"
"Yes","Yes","869","emergency service","0.9774913787841797","True","True"
"Yes","Yes","870","emergency service","0.9774913787841797","True","True"
"Yes","Yes","871","emergency service","0.9774913787841797","True","True"
"Yes","Yes","872","emergency service","0.9774913787841797","True","True"
"Yes","Yes","873","emergency service","0.9774913787841797","True","True"
"Yes","Yes","874","emergency service","0.9774913787841797","True","True"
"Yes","Yes","875","emergency service","0.9774913787841797","True","True"
"Yes","Yes","876","emergency service","0.9774913787841797","True","True"
"Yes","Yes","877","emergency service","0.9774913787841797","True","True"
"Yes","Yes","878","emergency service","0.9774913787841797","True","True"
"Yes","Yes","879","emergency service","0.9774913787841797","True","True"
"Yes","Yes","880","emergency service","0.9774913787841797","True","True"
"Yes","Yes","881","emergency service","0.9774913787841797","True","True"
"Yes","Yes","882","emergency service","0.9774913787841797","True","True"
"Yes","Yes","883","emergency service","0.9774913787841797","True","True"
"Yes","Yes","884","emergency service","0.9774913787841797","True","True"
"Yes","Yes","885","emergency service","0.9774913787841797","True","True"
"Yes","Yes","886","emergency service","0.9774913787841797","True","True"
"Yes","Yes","887","emergency service","0.9774913787841797","True","True"
"Yes","Yes","888","emergency service","0.9774913787841797","True","True"
"Yex","Yes","889","emergency service","0.10569041222333908","False","False"
"Yes","Yes","890","emergency service","0.9774913787841797","True","True"
"Yes","Yes","891","emergency service","0.9774913787841797","True","True"
"Yes","Yes","892","emergency service","0.9774913787841797","True","True"
"Yes","Yes","893","emergency service","0.9774913787841797","True","True"
"Yes","Yes","894","emergency service","0.9774913787841797","True","True"
"Yes","Yes","895","emergency service","0.9774913787841797","True","True"
"Yes","Yes","896","emergency service","0.9774913787841797","True","True"
"Yes","Yes","897","emergency service","0.9774913787841797","True","True"
"Yes","Yes","898","emergency service","0.9774913787841797","True","True"
"Yes","Yes","899","emergency service","0.9774913787841797","True","True"
"Yes","Yes","900","emergency service","0.9774913787841797","True","True"
"Yes","Yes","901","emergency service","0.9774913787841797","True","True"
"Yes","Yes","902","emergency service","0.9774913787841797","True","True"
"Yes","Yes","903","emergency service","0.9774913787841797","True","True"
"Yes","Yes","904","emergency service","0.9774913787841797","True","True"
"Yes","Yes","905","emergency service","0.9774913787841797","True","True"
"Yes","Yes","906","emergency service","0.9774913787841797","True","True"
"Yes","Yes","907","emergency service","0.9774913787841797","True","True"
"Yes","Yes","908","emergency service","0.9774913787841797","True","True"
"Yes","Yes","909","emergency service","0.9774913787841797","True","True"
"Yes","Yes","910","emergency service","0.9774913787841797","True","True"
"Yes","Yes","911","emergency service","0.9774913787841797","True","True"
"Yes","Yes","912","emergency service","0.9774913787841797","True","True"
"Yes","Yes","913","emergency service","0.9774913787841797","True","True"
"Yes","Yes","914","emergency service","0.9774913787841797","True","True"
"Yes","Yes","915","emergency service","0.9774913787841797","True","True"
"Yes","Yes","916","emergency service","0.9774913787841797","True","True"
"Yes","Yes","917","emergency service","0.9774913787841797","True","True"
"Yes","Yes","918","emergency service","0.9774913787841797","True","True"
"Yex","Yes","919","emergency service","0.10569041222333908","False","False"
"Yes","Yes","920","emergency service","0.9774913787841797","True","True"
"Yxs","Yes","921","emergency service","0.02231214940547943","False","False"
"Yes","Yes","922","emergency service","0.9774913787841797","True","True"
"Yes","Yes","923","emergency service","0.9774913787841797","True","True"
"Yes","Yes","924","emergency service","0.9774913787841797","True","True"
"Yes","Yes","925","emergency service","0.9774913787841797","True","True"
"Yes","Yes","926","emergency service","0.9774913787841797","True","True"
"Yes","Yes","927","emergency service","0.9774913787841797","True","True"
"Yes","Yes","928","emergency service","0.9774913787841797","True","True"
"Yes","Yes","929","emergency service","0.9774913787841797","True","True"
"No","No","930","emergency service","0.9811060428619385","True","True"
"No","No","931","emergency service","0.9811060428619385","True","True"
"No","No","932","emergency service","0.9811060428619385","True","True"
"No","No","933","emergency service","0.9811060428619385","True","True"
"No","No","934","emergency service","0.9811060428619385","True","True"
"No","No","935","emergency service","0.9811060428619385","True","True"
"No","No","936","emergency service","0.9811060428619385","True","True"
"No","No","937","emergency service","0.9811060428619385","True","True"
"No","No","938","emergency service","0.9811060428619385","True","True"
"No","No","939","emergency service","0.9811060428619385","True","True"
"No","No","940","emergency service","0.9811060428619385","True","True"
"No","No","941","emergency service","0.9811060428619385","True","True"
"No","No","942","emergency service","0.9811060428619385","True","True"
"No","No","943","emergency service","0.9811060428619385","True","True"
"No","No","944","emergency service","0.9811060428619385","True","True"
"No","No","945","emergency service","0.9811060428619385","True","True"
"No","No","946","emergency service","0.9811060428619385","True","True"
"No","No","947","emergency service","0.9811060428619385","True","True"
"No","No","948","emergency service","0.9811060428619385","True","True"
"No","No","949","emergency service","0.9811060428619385","True","True"
"No","No","950","emergency service","0.9811060428619385","True","True"
"No","No","951","emergency service","0.9811060428619385","True","True"
"No","No","952","emergency service","0.9811060428619385","True","True"
"No","No","953","emergency service","0.9811060428619385","True","True"
"No","No","954","emergency service","0.9811060428619385","True","True"
"Yes","Yes","955","emergency service","0.9774913787841797","True","True"
"Yes","Yes","956","emergency service","0.9774913787841797","True","True"
"Yes","Yes","957","emergency service","0.9774913787841797","True","True"
"Yes","Yes","958","emergency service","0.9774913787841797","True","True"
"Yes","Yes","959","emergency service","0.9774913787841797","True","True"
"Yes","Yes","960","emergency service","0.9774913787841797","True","True"
"Yes","Yes","961","emergency service","0.9774913787841797","True","True"
"Yes","Yes","962","emergency service","0.9774913787841797","True","True"
"Yes","Yes","963","emergency service","0.9774913787841797","True","True"
"Yes","Yes","964","emergency service","0.9774913787841797","True","True"
"Yes","Yes","965","emergency service","0.9774913787841797","True","True"
"Yes","Yes","966","emergency service","0.9774913787841797","True","True"
"Yes","Yes","967","emergency service","0.9774913787841797","True","True"
"Yes","Yes","968","emergency service","0.9774913787841797","True","True"
"Yes","Yes","969","emergency service","0.9774913787841797","True","True"
"Yes","Yes","970","emergency service","0.9774913787841797","True","True"
"Yes","Yes","971","emergency service","0.9774913787841797","True","True"
"Yes","Yes","972","emergency service","0.9774913787841797","True","True"
"Yes","Yes","973","emergency service","0.9774913787841797","True","True"
"Yes","Yes","974","emergency service","0.9774913787841797","True","True"
"Yes","Yes","975","emergency service","0.9774913787841797","True","True"
"Yes","Yes","976","emergency service","0.9774913787841797","True","True"
"Yes","Yes","977","emergency service","0.9774913787841797","True","True"
"Yes","Yes","978","emergency service","0.9774913787841797","True","True"
"Yes","Yes","979","emergency service","0.9774913787841797","True","True"
"Yes","Yes","980","emergency service","0.9774913787841797","True","True"
"Yes","Yes","981","emergency service","0.9774913787841797","True","True"
"Yes","Yes","982","emergency service","0.9774913787841797","True","True"
"Yes","Yes","983","emergency service","0.9774913787841797","True","True"
"Yes","Yes","984","emergency service","0.9774913787841797","True","True"
"Yes","Yes","985","emergency service","0.9774913787841797","True","True"
"Yes","Yes","986","emergency service","0.9774913787841797","True","True"
"Yes","Yes","987","emergency service","0.9774913787841797","True","True"
"Yes","Yes","988","emergency service","0.9774913787841797","True","True"
"Yes","Yes","989","emergency service","0.9774913787841797","True","True"
"Yes","Yes","990","emergency service","0.9774913787841797","True","True"
"Yes","Yes","991","emergency service","0.9774913787841797","True","True"
"Yes","Yes","992","emergency service","0.9774913787841797","True","True"
"Yes","Yes","993","emergency service","0.9774913787841797","True","True"
"Yes","Yes","994","emergency service","0.9774913787841797","True","True"
"Yes","Yes","995","emergency service","0.9774913787841797","True","True"
"Yes","Yes","996","emergency service","0.9774913787841797","True","True"
"Yes","Yes","997","emergency service","0.9774913787841797","True","True"
"Yes","Yes","998","emergency service","0.9774913787841797","True","True"
"Yes","Yes","999","emergency service","0.9774913787841797","True","True"
